{
   "id": "67c8ded7aaa868d0546d8bba",
   "name": "EfficientNet-B0 OpenVINO FP16",
   "version": 2,
   "creation_date": "2025-03-05T23:31:35.427000+00:00",
   "model_format": "OpenVINO",
   "precision": [
      "FP16"
   ],
   "has_xai_head": false,
   "target_device": "CPU",
   "target_device_type": null,
   "performance": {
      "score": 0.9795918367346939
   },
   "size": 8330836,
   "latency": 0,
   "fps_throughput": 0,
   "optimization_type": "MO",
   "optimization_objectives": {},
   "model_status": "SUCCESS",
   "configurations": [],
   "previous_revision_id": "67c8ded7aaa868d0546d8bb7",
   "previous_trained_revision_id": "67c8ded7aaa868d0546d8bb7",
   "optimization_methods": []
}